{
  "balance": 47.79,
  "risk_per_trade": 0.71685,
  "opportunities": [
    "XAUUSD"
  ],
  "timestamp": "2025-10-31T09:58:21.953852"
}